{
  "scale": 48280.36384314443,
  "time": 64.17871642112732
}